Skip to main content
Salesforce.com	

Search...
Sandbox: UAT
Switch to Lightning ExperienceNarendran
SetupHelp & Training
 Survey Management
Tab Navigation
HomeSurveysQualification InquiriesCouponsFeaturedsQualtricsContacts All Tabs 
XClose
Quick Find
apex

Expand All|Collapse All

Administer
Collapse - Email Administration - Level 1Email Administration
Apex Exception Email
Build
Collapse - Develop - Level 1Develop
Apex Classes
Apex Triggers
Apex Test Execution
Apex Debugger
Apex Hammer Test Results
Apex Settings
Monitor
Collapse - Jobs - Level 1Jobs
Apex Jobs
Apex Flex Queue
Content Starts Here
Visualforce Page
CaseNew
Help for this Page
Page Detail
 
Label	CaseNew	Name	CaseNew
Namespace Prefix		Available for Lightning Experience, Lightning Communities, and the mobile app	Not Checked
Require CSRF protection on GET requests	Not Checked	Description	
 	Created By	John De Veer,  15.03.2018 12:38
Last Modified By	User AutoRABIT,  19.10.2018 16:40	 	 
	
	
Visualforce Markup

	
	
Version Settings


<apex:page docType="html-5.0" standardController="Case" extensions="CaseNewController" recordSetVar="rsv" showHeader="false" sidebar="false" standardStylesheets="false" id="pageId">
	<html xmlns="http://www.w3.org/2000/svg" xmlns:xlink="http://www.w3.org/1999/xlink" lang="en">

	<head>
		<apex:stylesheet value="{!URLFOR($Resource.jquery_ui_1_12_1, 'jquery-ui-1.12.1.custom/jquery-ui.css')}" />
		<apex:stylesheet value="{!URLFOR($Resource.LDS214, 'assets/styles/salesforce-lightning-design-system.min.css')}" />
		<apex:stylesheet value="{!URLFOR($Resource.bootstrap_datepicker, 'css/bootstrap-datetimepicker-standalone.css')}" />
		<apex:stylesheet value="{!URLFOR($Resource.bootstrap_datepicker, 'css/bootstrap-datetimepicker.css')}" />
		<apex:stylesheet value="{!URLFOR($Resource.bootstrap_datepicker, 'css/bootstrap-datetimepicker-custom.css')}" />
		<apex:includeScript value="/support/console/38.0/integration.js" />
		<apex:includeScript value="{!URLFOR($Resource.jquery_3_1_1)}" />
		<apex:includeScript value="{!URLFOR($Resource.jquery_ui_1_12_1, 'jquery-ui-1.12.1.custom/jquery-ui.min.js')}" />
		<script src="{!URLFOR($Resource.datatables_1_10_13, 'DataTables-1.10.13/media/js/jquery.dataTables.min.js')}"></script>
		<apex:includeScript value="{!URLFOR($Resource.Utils, 'Utils.js')}" />
		<apex:includeScript value="{!URLFOR($Resource.ua_parser)}" />
		<apex:includeScript value="{!URLFOR($Resource.moment_2_17_0)}"/>
		<apex:includeScript value="{!URLFOR($Resource.bootstrap_datepicker, 'js/bootstrap-datetimepicker.js')}"/>

		<!-- DE555. The context case record deletion related resources, in case if the tab is manually closed during the creation process. -->
		<apex:includeScript value="/soap/ajax/40.0/connection.js" />
		<apex:includeScript value="{!URLFOR($Resource.CaseNew, 'js/CaseNew.js')}" />

		<style>
		.lookupInput a {
			top: -2rem;
			position: relative;
			float: right;
			width: 3rem;
			/* min-height: 33px; */
			height: 1.5rem;
			background: aliceblue;
			z-index: 3;
			opacity: 0.6;
			-webkit-transition: 0.5s;
			transition: 0.5s;
			background: #fff url("{!URLFOR($Resource.searchImg)}") no-repeat center center;
			background-size: 15px 15px;
		}

		.lookupInput a:hover {
			opacity: 0.2;
			background-color: #0070d2;
		}

		.lookupWidth {
			position: relative;
			z-index: 1
		}

		.slds-badge {
			padding: 5px;
			margin-top: 5px;
		}

		.slds-notify-container,
		.slds-notify_container {
			position: relative;
		}

		.lookupIcon {
			display: none;
		}

		.errorMsg {
			height: 0px;
		}

		.cursorNo {
			cursor: no-drop;
		}

		.lookupHoverDetail {
			position: absolute;
			z-index: 10001;
			top: 0;
			left: 0;
			display: none;
			padding: 0;
			margin: 0;
			height: auto;
			width: auto;
			background: #f4f6f9;
			padding: 1.5rem 1.5rem .75rem;
			border-top-left-radius: calc(.25rem - 1px);
			border-top-right-radius: calc(.25rem - 1px);
			background-clip: padding-box;
			background-color: #f4f6f9;
			border: 1px solid #d8dde6;
			margin-top: 2rem;
		}

		.lookupHoverDetail .btn {
			position: relative;
			display: inline-block;
			padding: 0;
			background: 0 0;
			background-clip: border-box;
			border: 1px solid transparent;
			border-radius: .25rem;
			font-size: .75rem;
			line-height: 1.875rem;
			text-decoration: none;
			color: #0070d2;
			-webkit-appearance: none;
			white-space: normal;
			-webkit-user-select: none;
			-moz-user-select: none;
			-ms-user-select: none;
			user-select: none;
			transition: color 50ms linear, background-color 50ms linear;
			padding-left: 1rem;
			padding-right: 1rem;
			text-align: center;
			vertical-align: middle;
			border: 1px solid #d8dde6;
			background-color: #fff;
		}

		.lookupHoverDetail .mainTitle {
			padding: 0.3rem 5rem 2rem 0rem;
			font-weight: bold;
		}
		</style>
		<style type="text/css">
		body {
			margin: 0px;
		}

		.header-cont {
			width: 100%;
			position: fixed;
			top: 0px;
			z-index: 20000;
		}

		.content {
			margin: 70px auto;
		}
		</style>
		<script>
			function setTitle(text) {
				if (sforce.console.isInConsole()) {
					sforce.console.setTabTitle(text);
				}
			};

			function closeTab(canClose) {
				if(!canClose)
				{
					return;
				}
				if (sforce.console.isInConsole()) {
					//First find the ID of the current primary tab to close it
					sforce.console.getEnclosingPrimaryTabId(closeSubtab);
				} else if (typeof sforce != 'undefined' && sforce != null && sforce.one) {
					//Lightning
					sforce.one.back(true);
				}
			};

			var closeSubtab = function closeSubtab(result) {
				//Now that we have the primary tab ID, we can close it
				var tabId = result.id;
				sforce.console.closeTab(tabId);
			};

			function setIcon() {
				if (sforce.console.isInConsole()) {
					if ('{!newCase.Id}') {
						sforce.console.getEnclosingTabId(function(result) {
							setIconById(result.id);
						});
					}
					else {
						sforce.console.getEnclosingPrimaryTabId(function(result) {
							setIconById(result.id);
						});
					}
				}
			}

			function setIconById(tabId){
				sforce.console.setTabIcon('{!URLFOR($Resource.caseImg)}', tabId);
			}

			function openPrimaryTab() {
				//Open a new primary tab with the CaseNew in it
				sforce.console.openPrimaryTab(null, '/apex/CaseNew', true,
					'New Case', null, 'New Case');
			}

			$(document).ready(function() {
				setIcon();

				$(window).keydown(handleEnterPressing);

				if ({!newCase.Id == null}) {
					// SCSI-695: We decided to accept the temporary "External Page" Console Tab Title for now
					// in favour of not having to open and close tabs.
					//SCSI-843 no Title is set at all so allow it again
					setTitle('{!$Label.NewCase}');
				}
				if ('{!JSENCODE(newCase.CaseNumber)}' != '') {
					setTitle('{!JSENCODE(newCase.CaseNumber)}');
				}
			});

			/**
			 *    @description Allows only restricted list of elements to be activated with 'Enter' key.
			 *    @author ypa
			 */
			function handleEnterPressing(event) {
				var element = jQuery(event.target);
				var keyCode = event.keyCode || event.which;

				console.log(keyCode);

				var isExclusion = element.is('textarea') || element.is('input[type="button"]') || element.is('input[type="submit"]') || element.is('button') || element.is('a');

				if (keyCode == 13 && !isExclusion) {
					event.preventDefault();
				}
			}

			function hideSFRemotingLog() {
				$("[id$=oncomplete]").hide();
			}

			function hideErrorMessage() {
				jQuery("span [id$='errorMsgPageBlock']").addClass("slds-hide");
			}

			function acceptSavedCaseAgentWork(agentWorkId){
				sforce.console.presence.acceptAgentWork(getAgentWorkId(), function(result)
				{
					if (result.success) {
					  console.log('Accepted work successfully');
					} else {
					 console.log('Accept work failed');
					}
				});
			}

			function completeSave() {
				var agentWorkId = getAgentWorkId();
				console.log('....completeSave, agentWorkId', agentWorkId);
				// if user is online and cases hase relevant group origin then Agent Work is created in controller and we should accept in on UI. Otherwise use od approach - redirectToCase() method
				if ( typeof agentWorkId != "undefined" && agentWorkId != "" ) {
					sforce.console.getEnclosingPrimaryTabId(closeTabAndAcceptAgentWork);
				} else {
					redirectToCase();
				}
			}

			var closeTabAndAcceptAgentWork = function closeSubtab(result) {
				//Now that we have the primary tab ID, we can close it
				var tabId = result.id;
				sforce.console.closeTab(tabId, acceptSavedCaseAgentWork());
			};

		</script>
	</head>

	<body>
		<div class="slds">
			<!-- US523 Block for error message -->
			<div id="noAccessError" style="display:none;">
				<div role="alertdialog" tabindex="-1" aria-labelledby="prompt-heading-id" aria-describedby="prompt-message-wrapper" class="slds-modal slds-fade-in-open slds-modal--prompt">
					<div class="slds-modal__container">
						<div class="slds-modal__header slds-theme--warning slds-theme--alert-texture">
							<h2 class="slds-text-heading--medium" id="prompt-heading-id">{!$Label.ErrorOpeningFlashOutsideConsole}</h2>
						</div>
						<div class="slds-modal__footer slds-theme--default">
							<button class="slds-button slds-button--neutral" onclick="caseNewHandler.goBackOrClose();">{!$Label.Message_Ok}</button>
						</div>
					</div>
				</div>
				<div class="slds-backdrop slds-backdrop--open"></div>
			</div>
			<apex:form id="formid" html-autocomplete="off">
				<!-- US523 Show error message is not in Service Console -->
				<!-- script should be called here, coz we need apex:form and #noAccessError div existing to operate with them-->
				<script>caseNewHandler.checkConsoleView();</script>
				<apex:actionFunction name="refreshArticles" reRender="knowledgePanel,catTreeComponentPanelId" />
				<apex:actionFunction name="refreshFormMessages" reRender="errorMsgPageBlock" />

				<!-- US343. Working with attachments when the case record isn't persisted yet - we persist it only when it's necessary(an attachment is uploading). -->
				<apex:actionFunction name="intermediateContextRecordPersist" action="{!intermediatePersist}" reRender="attachmentsPanelid, container" status="actionStatusId" />

				<apex:outputPanel id="mainButtonsPanel">
					<div class="header-cont">
						<div class="slds-card slds-m-bottom--medium">
							<div class="slds-card__header slds-grid">
								<header class="slds-media slds-media--center slds-has-flexi-truncate">
									<div class="slds-media__figure">
										<c:svg styleClass="slds-icon slds-icon-standard-case slds-icon--small" path="{!URLFOR($Resource.LDS214, 'assets/icons/standard-sprite/svg/symbols.svg#case')}" selector="case-new" />
									</div>
									<div class="slds-media__body slds-truncate">
										<h2>
										<a href="javascript:void(0);" class="slds-text-link--reset">
											<span class="slds-text-heading--small">{!if(newCase.CaseNumber != null, newCase.CaseNumber, $Label.NewCase)}</span>
										</a>
									</h2>
									</div>
								</header>
								<div class="slds-no-flex slds-button-group" role="group">
									<apex:commandButton onclick="saveCase(); return false;" value="{!$Label.Save}" styleClass="slds-button slds-button--neutral slds-button--brand parent-save-btn" rendered="{!(showCategorySection)}" id="save-button"  disabled="true"/>
									<!-- DE788. To make the safe btn  disable/enable feature stable - we should make the related btn disabled by default and postpone the decision for the callback.
												But if the btn is disabled by default the action isn't rendered on the apex:commandButton - some kind of a workaround is applied by separating the action into it's own actionfunction. -->
									<apex:actionFunction name="saveCase" action="{!saveCase}" rerender="errorMsgPageBlock,container" status="actionStatusId" oncomplete="completeSave(); return false;" />

									<apex:commandButton onclick="saveAndCloseCase(); return false;" value="{!$Label.SaveAndCloseCase}" styleClass="slds-button slds-button--neutral parent-save-btn" rendered="{!showCategorySection}" id="save-close-button" disabled="true" />
									<!-- DE788. To make the safe btn  disable/enable feature stable - we should make the related btn disabled by default and postpone the decision for the callback.
												But if the btn is disabled by default the action isn't rendered on the apex:commandButton - some kind of a workaround is applied by separating the action into it's own actionfunction. -->
									<apex:actionFunction name="saveAndCloseCase" action="{!saveAndCloseCase}" 
														 oncomplete="caseNewHandler.notifyWithContextRecordId(); closeCaseAndSave(); return false;" 
														 rerender="errorMsgPageBlock, container" status="actionStatusId" />

									<apex:commandButton action="{!openChooseCategory}" value="{!$Label.SelectCategoryAndSave}" styleClass="slds-button slds-button--neutral" rendered="{!if(showCategorySection == true, false, true)}" status="actionStatusId" onclick="caseNewHandler.setUnloadEventShouldBeIgnored();"/>
									<apex:commandButton action="{!createSpam}" onclick="caseNewHandler.setUnloadEventShouldBeIgnored();" value="{!$Label.SPAM}" 
														styleClass="slds-button slds-button--neutral" oncomplete="caseNewHandler.notifyWithContextRecordId(); closeTab({!canClose});" 
														status="actionStatusId" reRender="spam-dialog, container"/>
									<apex:commandButton action="{!doBack}" value="{!$Label.Back}" styleClass="slds-button slds-button--neutral" onComplete="hideSFRemotingLog();initProductSearch();initContactSearch();" rerender="mainoutputPanel,mainButtonsPanel,errorMsgPageBlock" rendered="{!showCategorySection}" status="actionStatusId" />
								</div>
							</div>
						</div>
					</div>
				</apex:outputPanel>
				<div class="content">
					<apex:outputPanel id="container">
						<script>
							/*
							*	<!-- DE555. If the tab is manually closed during the creation process - to be able to delete the record -->
							*/
							function isCaseSuccessfullySaved()
							{
								return {!isCaseSuccessfullySaved};
							}

							/*
							*	<!-- DE555. If the tab is manually closed during the creation process - to be able to delete the record -->
							*/
							function doesCaseComeAsPersisted()
							{
								return {!doesCaseComeAsPersisted};
							}

							/*
							*	<!-- DE555. If the tab is manually closed during the creation process - to be able to delete the record -->
							*/
							function getContextCaseId()
							{
								return "{!newCase.Id}";
							}

							/*
							*	<!-- DE555. If the tab is manually closed during the creation process - to be able to delete the record(For connection.js) -->
							*/
							function getSessionId()
							{
								return "{!GETSESSIONID()}";
							}

							/*
							*	<!-- DE555. If the tab is manually closed during the creation process - to be able to delete the record(the related logic itself in the related static resource) -->
							*/
							jQuery(document).ready(function()
							{
								caseNewHandler.init();
							});


							function closeCaseAndSave()
							{
								if (!jQuery(".custom-case-page-error-msg").length)
								{
									if (sforce.console.isInConsole()) {
										//First find the ID of the current primary tab to close it
										sforce.console.getEnclosingTabId(closeSubtabOnClosed);
									} else if (typeof sforce != 'undefined' && sforce != null && sforce.one) {
										//Lightning
										sforce.one.back(true);
									}
								}
							}

							var closeSubtabOnClosed = function closeSubtabOnClosed(result) {
								//Now that we have the primary tab ID, we can close it
								var tabId = result.id;
								sforce.console.closeTab(tabId);
							};

							function redirectToCase() {
								var caseId = '{!newCase.Id}';
								console.log('....redirectToCase', redirectToCase, 'caseId', caseId);
								if (caseId != '' && !jQuery(".custom-case-page-error-msg").length) {
									console.log('....call redirect');
									sforce.console.getEnclosingPrimaryTabId(function(primaryTab) {
										liveChat(primaryTab.id);
									});
								}
							};

							// If the call comes from a primary tab which contain a chat tab, then open in the same subtab
							var liveChat = function(primaryTabId) {
								//PARXIMPL-436 As an Agent i expect that the Primary Tab will not closed after Saving FLaSH 2 by Live Chat conversations
								if ("{!newCase.CC_CaseOriginGroup__c}" == 'Live Chat')
								{
									console.log('....live chat, open in subtab');
									// get the current subtab id
									sforce.console.getEnclosingTabId(function(result2) {
										var subTabId = result2.id;
										// open in the same subtab
										console.log('....getEnclosingTabId, open in the same subtab, subTabId', subTabId);
										sforce.console.openSubtab(primaryTabId, '/{!newCase.Id}', true, '{!newCase.CaseNumber}', subTabId);
									});
								} else
								{
									console.log('.... Refreshing when not LiveChat');
									sforce.console.openPrimaryTab(primaryTabId, '/{!newCase.Id}', true, '{!newCase.CaseNumber}');
								}
							};

							function getAgentWorkId() {
								return "{!agentWorkId}"
							}
						</script>
					</apex:outputPanel>
					<c:ActionStatus />
					<apex:outputPanel id="errorMsgPageBlock">
						<apex:pageBlock rendered="{!if(errorMessage != null, true, false)}" mode="maindetail">
							<div class="slds-notify_container">
								<div class="custom-case-page-error-msg slds-theme--error slds-theme--alert-texture" role="alert">
									<h2 class="slds-text-heading--medium" id="prompt-heading-id">{!errorMessage}</h2>
								</div>
							</div>
							<br />
							<br />
						</apex:pageBlock>
					</apex:outputPanel>
					<div class="slds-grid slds-wrap slds-grid--pull-padded">
						<div class="slds-col--padded slds-size--2-of-3 slds-p-left--large slds-p-top--medium ">
							<apex:outputPanel id="mainoutputPanel">
								<apex:pageBlock id="pageBlockGI" rendered="{!if(showCategorySection == true, false, true)}" mode="maindetail">
									<fieldset class="slds-form--compound" id="genInfoFieldset">
										<div class="slds-form-element__row block" style="{!IF(OR(ISBLANK(newCase.Subject), newCase.Subject == $Label.LidlCaseDefaultSubject), 'display:none!important;', '')} ">
											<label class="slds-form-element__label" for="pr">{!$Label.Subject}</label>
											<div class="slds-form-element__control">
												<apex:inputText styleClass="slds-textarea" value="{!newCase.Subject}" id="sibject" disabled="true"/>
											</div>
										</div>

										<div class="slds-form-element__row block">
											<label class="slds-form-element__label" for="pr">{!$Label.Description}</label>
											<div class="slds-form-element__control">
												<apex:inputTextarea styleClass="slds-textarea" value="{!newCase.Description}" id="descr" rows="8" onkeyup="deferredActionInvocation.postponeAction(refreshArticles);">
												</apex:inputTextarea>
											</div>
										</div>

										<!-- US282. -->
										<div class="form-element__group">
											<apex:outputPanel id="attachmentsPanelid">
												<div>
													<c:AttachmentsHandler recordId="{!newCase.Id}" sectionTitle="{!$Label.Attachments}" drawCheckboxes="true" disableCheckboxes="true"
																		  hideDeleteBtn="false" showWithoutRecordId="true" areAttachsSelectedByDefault="true" />
												</div>
											</apex:outputPanel>
										</div>

										<div class="form-element__group">

											<legend class="slds-form-element__label">{!$Label.GeneralInformation}</legend>
											<apex:outputPanel id="storeNewPanelId">
												<div>
													<c:StoreSearchCaseNew caseAssign="{!newCase.Id}" setCurrentCase="{!newCase}" pageController="{!this}" />
												</div>
											</apex:outputPanel>
											<apex:outputPanel id="productSearchPanelId" styleClass="slds-clearfix">
												<div class="slds-form-element__row slds-float--left" style="width:100%;">
													<c:ProductSearch pageController="{!this}" html-style="width:100%" setCurrentCase="{!newCase}" setStoreId="{!newCase.StoreId__c}" parentToBeRerenderedSections="pageId:formid:container" isChatterActionContext="false"/>
												</div>
											</apex:outputPanel>

										</div>
									</fieldset>
								</apex:pageBlock>
								<apex:outputPanel id="contactNewPanelId" rendered="{!if(showCategorySection == true, false, true)}">
									<!-- <c:ContactNew pageController="{!this}" setCaseContext="true" setStoreId="{!newCase.StoreId__c}"/> -->
									<c:ContactSearch pageController="{!this}" parentToBeRerenderedSections="pageId:formid:container" />
								</apex:outputPanel>
								<apex:outputPanel layout="block" id="catTreeComponentPanelId" rendered="{!showCategorySection}">
									<apex:outputPanel layout="block" style="width:35%;float:left;">
										<apex:outputPanel layout="block" style="width:80%;float:left;">
											<c:CaseCustomer setCaseId="{!newCase.Id}" setCustomerId="{!newCase.ContactId}" setUnlink="false" />
											<c:CaseProduct setCaseId="{!newCase.Id}" setProductId="{!newCase.ProductId}" setUnlink="false" />
											<c:CaseStore1 setCaseId="{!newCase.Id}" setStoreId="{!newCase.StoreId__c}" setUnlink="false" />
										</apex:outputPanel>
										<apex:outputPanel layout="block" style="width:10%;">
										</apex:outputPanel>
									</apex:outputPanel>
									<apex:outputPanel layout="block" style="margin-left: 35%;">
										<c:CategoryTreeJs pageController="{!this}" setProductId="{!newCase.ProductId}" setStoreId="{!newCase.StoreId__c}" setContactId="{!newCase.ContactId}" setPageCategory="{!newCase.Category__c}" setCaseId="{!newCase.Id}" setDescription="{!JSINHTMLENCODE(newCase.Description)}" />

										<!-- US253. -->
										<div class="slds-card" style="height: 5px;">
										</div>
										<apex:outputPanel id="aci" >
											<apex:outputPanel rendered="{!IF( OR( ISBLANK(categoryId), categoryId == ''), false, true)}" style="display:block" >
												<c:AdditionalInformation categoryId="{!categoryId}" case="{!newCase}" pageController="{!this}" />
											</apex:outputPanel>
										</apex:outputPanel>
									</apex:outputPanel>
								</apex:outputPanel>
							</apex:outputPanel>
						</div>
						<div class="slds-col--padded slds-size--1-of-3 slds-medium-size--1-of-3 slds-large-size--1-of-3 slds-p-top--small slds-p-top--medium ">
							<apex:outputPanel id="knowledgePanel">
								<apex:pageBlock id="knowledgeSearch">
									<c:KnowledgeSearch case="{!newCase}" />
								</apex:pageBlock>
							</apex:outputPanel>
						</div>
					</div>
					<div id="dummyDiv"></div>
				</div>
				<div class="slds-hide custom-category-variables">
					<apex:inputHidden value="{!categoryId}"></apex:inputHidden>
					<apex:inputHidden value="{!filteredCategories}"></apex:inputHidden>
					<apex:inputHidden value="{!aciValues}"></apex:inputHidden>
				</div>

				<!-- US352. CTI session's duration handler and related markup. -->
				<c:CTIDurationListener />
				<div class="slds-hide cti-input-hidden-duration">
					<apex:inputHidden value="{!newCase.OverallCallDuration__c}"></apex:inputHidden>
				</div>
			</apex:form>
		</div>
	</body>

	</html>
</apex:page>
                                        
 	 
Copyright � 2000-2018 salesforce.com, inc. All rights reserved. | Privacy Statement | Security Statement | Terms of Use | 508 Compliance | Go to Salesforce mobile app
